produto,AIC
Bermuda Cargo Algodão Orgânico Light Azul Marinho,-1.0
Bermuda Cargo Algodão Orgânico Light Cinza Chumbo,-1.0
Bermuda Cargo Algodão Orgânico Light Preto,-1.0
Bermuda Cargo Algodão Orgânico Light Verde Oliva,-1.0
Bermuda Chambray Azul,130.64537106166648
Bermuda Chambray Preta,152.38448002030216
Bermuda Chambray Vermelha,143.69000865214014
Bermuda Chino Algodão Orgânico Relax Azul Marinho,-1.0
Bermuda Chino Algodão Orgânico Relax Azul Médio,-1.0
Bermuda Chino Algodão Orgânico Relax Off White,-1.0
Bermuda Chino Algodão Orgânico Relax Preto,-1.0
Bermuda Chino Algodão Orgânico Relax Verde Oliva,-1.0
Bermuda Chino Azul Marinho,377.6845030421785
Bermuda Chino Bege,275.6466491568913
Bermuda Chino Cáqui,242.01816347202347
Bermuda Chino Cinza,283.99114785429
Bermuda Chino Preta,270.5977279853262
Bermuda Chino Verde Oliva,311.44203884891056
Bermuda Linho Azul Marinho,174.5536799691239
Bermuda Linho Natural,-1.0
Bermuda Moletom Algodão Orgânico Azul Marinho,-1.0
Bermuda Moletom Algodão Orgânico Off-White,-1.0
Bermuda Moletom Algodão Orgânico Preto,-1.0
Bermuda Moletom Algodão Orgânico Verde,-1.0
Bermuda Moletom Azul Marinho,307.9796994269184
Bermuda Moletom Cinza,358.91615477894425
Bermuda Moletom Preta,376.820610753855
Bermuda Sarja Elástico Azul Marinho,-1.0
Bermuda Sarja Elástico Bege,-1.0
Bermuda Sarja Elástico Oliva,-1.0
Bermuda Sarja Elástico Preta,-1.0
Blazer Double Breasted ORIBA+PACE Azul Marinho,-1.0
Blazer Double Breasted ORIBA+PACE Preto,-1.0
Blusa Moletom Algodão Orgânico Canguru Azul Marinho,-1.0
Blusa Moletom Algodão Orgânico Canguru Preto,-1.0
Blusa Moletom Algodão Orgânico Gola C Azul Marinho,-1.0
Blusa Moletom Algodão Orgânico Gola C Off White,-1.0
Blusa Moletom Algodão Orgânico Gola C Preto,-1.0
Blusa Moletom Canguru Antiviral Azul Marinho,-1.0
Blusa Moletom Canguru Antiviral Off White,-1.0
Blusa Moletom Canguru Antiviral Preta,-1.0
Blusa Moletom Canguru Azul Marinho,186.4745203739421
Blusa Moletom Canguru Pima Cinza,6.0
Blusa Moletom Canguru Preta,249.45413767348307
Blusa Moletom Canguru Rosa Pastel,156.44394160015045
Blusa Moletom Canguru Verde Pastel,-1.0
Blusa Moletom Com Zíper Azul Marinho,168.257203676898
Blusa Moletom Com Zíper Preta,265.3882004315487
Blusa Moletom Gola C Antiviral Azul Marinho,-1.0
Blusa Moletom Gola C Antiviral Off White,-1.0
